Content,Scheduled Time,Type
"💰 2024年のEC市場規模は26.1兆円

・前年比: +5.1%
・EC化率: 9.8%
・伸び代: まだまだ大きい

データに基づいた商品選定で、あなたも勝ち組に👊

#トレンド分析 #EC #データ分析",2026-01-17T09:00:00.518367,morning
"🎯 売れ筋商品の見つけ方

1. ランク急上昇商品をチェック
2. レビュー数と評価を確認
3. 価格変動履歴を分析
4. 季節性を考慮
5. 競合の在庫状況を把握

この5ステップで勝率UP📈

#Amazon #物販 #せどり",2026-01-17T18:00:00.518367,evening
"📊 日本のEC市場、26.1兆円に到達！

前年比5.1%増と堅調な成長を継続中。
EC化率は9.8%でまだまだ伸びしろあり。

今がECビジネス参入の好機です💡

#EC市場 #Amazon #楽天 #物販ビジネス",2026-01-18T09:00:00.518851,morning
"📊 失敗しない商品選定

❌ 感覚で選ぶ
✅ データで選ぶ

・ランク変動率
・検索ボリューム
・競合数
・利益率

数字が全てを教えてくれる📈

#データ分析 #EC #物販",2026-01-18T18:00:00.518851,evening
"🎯 売れ筋商品の見つけ方

1. ランク急上昇商品をチェック
2. レビュー数と評価を確認
3. 価格変動履歴を分析
4. 季節性を考慮
5. 競合の在庫状況を把握

この5ステップで勝率UP📈

#Amazon #物販 #せどり",2026-01-19T09:00:00.519196,morning
"💡 Amazon分析ツール、高すぎませんか？

競合ツール: ¥4,500-¥43,000/月
EcomTrendAI: ¥980/月（競合比78%安）/月

✅ AI自動分析
✅ 日本市場特化
✅ 初心者でも簡単

78%安く、同等以上の機能を💪

#Amazon #物販 #コスパ",2026-01-19T18:00:00.519196,evening
"🎯 売れ筋商品の見つけ方

1. ランク急上昇商品をチェック
2. レビュー数と評価を確認
3. 価格変動履歴を分析
4. 季節性を考慮
5. 競合の在庫状況を把握

この5ステップで勝率UP📈

#Amazon #物販 #せどり",2026-01-20T09:00:00.519486,morning
"⚡ なぜ高額ツールに払い続ける？

海外ツール: 月4,500-43,000円
EcomTrendAI: ¥980/月（競合比78%安）

【差額で何ができる？】
・仕入れ資金に回す
・広告費に投資
・利益として確保

賢い選択を💡

#せどり #副業 #節約",2026-01-20T18:00:00.519486,evening
"📊 日本のEC市場、26.1兆円に到達！

前年比5.1%増と堅調な成長を継続中。
EC化率は9.8%でまだまだ伸びしろあり。

今がECビジネス参入の好機です💡

#EC市場 #Amazon #楽天 #物販ビジネス",2026-01-21T09:00:00.519752,morning
"💡 Amazon分析ツール、高すぎませんか？

競合ツール: ¥4,500-¥43,000/月
EcomTrendAI: ¥980/月（競合比78%安）/月

✅ AI自動分析
✅ 日本市場特化
✅ 初心者でも簡単

78%安く、同等以上の機能を💪

#Amazon #物販 #コスパ",2026-01-21T18:00:00.519752,evening
"💰 2024年のEC市場規模は26.1兆円

・前年比: +5.1%
・EC化率: 9.8%
・伸び代: まだまだ大きい

データに基づいた商品選定で、あなたも勝ち組に👊

#トレンド分析 #EC #データ分析",2026-01-22T09:00:00.520041,morning
"📊 失敗しない商品選定

❌ 感覚で選ぶ
✅ データで選ぶ

・ランク変動率
・検索ボリューム
・競合数
・利益率

数字が全てを教えてくれる📈

#データ分析 #EC #物販",2026-01-22T18:00:00.520041,evening
"💰 2024年のEC市場規模は26.1兆円

・前年比: +5.1%
・EC化率: 9.8%
・伸び代: まだまだ大きい

データに基づいた商品選定で、あなたも勝ち組に👊

#トレンド分析 #EC #データ分析",2026-01-23T09:00:00.520336,morning
"⚡ EC初心者が陥る3つの罠

1. 人気商品 = 売れる商品ではない
2. 安く仕入れても利益が出ない場合も
3. トレンドには賞味期限がある

データで正しく判断しよう📊

#せどり #副業 #EC初心者",2026-01-23T18:00:00.520336,evening
